Date,SP500 (Percent change from a year ago),10Y Rate - 3M TBill ,10Y Rate (Percent change from a year ago,3M TBill (Percent Change from a year ago),3M TBill - FF ,6M TBill - FF,1Y Rate - FF,5Y Rate - FF,10Y Rate - FF,Composite Leading Indicator
01-01-1963,-0.058057044,0.92,-6.12745,6.98529,-0.01,0.04,0.15,0.69,0.94,99.9314
01-02-1963,-0.061236115,1,-3.69458,6.95971,-0.08,-0.02,0.01,0.66,0.92,100.0743
01-03-1963,-0.0657277,1.04,-0.25381,6.25,-0.09,-0.03,0.05,0.71,0.95,100.1901
01-04-1963,0.010433505,1.07,3.38542,6.22711,0,0.08,0.25,0.87,1.1,100.272
01-05-1963,0.113510081,1,1.55039,8.92193,-0.07,0.01,0.12,0.72,0.93,100.3078
01-06-1963,0.26029121,1,2.04604,9.52381,0,0.09,0.21,0.83,1.01,100.2958
01-07-1963,0.212392487,0.84,0.49875,8.90411,0.16,0.29,0.51,0.93,1.05,100.2538
01-08-1963,0.21291866,0.68,0.50251,17.7305,-0.17,-0.05,0.05,0.41,0.52,100.2079
01-09-1963,0.256034483,0.7,2.51256,21.58273,-0.1,0.02,0.11,0.49,0.61,100.1799
01-10-1963,0.300160228,0.66,4.3257,25.91241,-0.05,0.08,0.14,0.47,0.61,100.1655
01-11-1963,0.209526982,0.6,5.10204,24.38163,0.04,0.17,0.27,0.54,0.65,100.162
01-12-1963,0.184067688,0.61,6.99482,22.64808,0.14,0.28,0.48,0.72,0.8,100.1847
01-01-1964,0.175069167,0.65,8.61619,20.9622,0.04,0.16,0.3,0.58,0.68,100.2512
01-02-1964,0.173998786,0.62,6.13811,20.89041,0.05,0.19,0.31,0.56,0.67,100.3511
01-03-1964,0.199939089,0.68,7.37913,22.49135,0.11,0.29,0.52,0.75,0.83,100.4608
01-04-1964,0.162594532,0.76,6.54912,19.65517,0,0.19,0.45,0.7,0.78,100.5673
01-05-1964,0.150841175,0.72,6.87023,18.77133,-0.02,0.1,0.35,0.56,0.71,100.6606
01-06-1964,0.144487234,0.69,4.51128,16.38796,-0.02,0.06,0.33,0.52,0.67,100.7393
01-07-1964,0.20486463,0.73,3.72208,8.80503,0.04,0.14,0.33,0.64,0.8,100.8021
01-08-1964,0.155255001,0.69,4.75,5.42169,0,0.11,0.24,0.55,0.69,100.8428
01-09-1964,0.144955388,0.67,3.18627,4.43787,0.08,0.23,0.41,0.65,0.78,100.8809
01-10-1964,0.161851294,0.62,2.19512,3.47826,0.21,0.36,0.57,0.78,0.9,100.9241
01-11-1964,0.17653539,0.51,0.72816,3.40909,0.12,0.29,0.39,0.53,0.64,100.9881
01-12-1964,0.131994068,0.34,1.21065,9.09091,-0.01,0.1,0.22,0.28,0.37,101.0649
01-01-1965,0.126487901,0.38,0.72115,8.23864,-0.09,0.04,0.09,0.25,0.34,101.1328
01-02-1965,0.120945859,0.28,1.44578,11.33144,-0.05,0.02,0.07,0.19,0.25,101.1713
01-03-1965,0.101903553,0.28,-0.23697,11.01695,-0.11,-0.04,0.02,0.11,0.17,101.1711
01-04-1965,0.100450338,0.27,-0.70922,13.25648,-0.16,-0.1,-0.05,0.06,0.12,101.1285
01-05-1965,0.10604559,0.32,0.2381,11.78161,-0.21,-0.15,-0.05,0.06,0.13,101.0623
01-06-1965,0.059820538,0.41,1.19904,9.1954,-0.24,-0.18,-0.03,0.13,0.2,101.0006
01-07-1965,0.020307618,0.36,0.7177,10.98266,-0.25,-0.19,-0.09,0.08,0.13,100.9791
01-08-1965,0.054756098,0.41,1.43198,9.71429,-0.28,-0.17,-0.05,0.09,0.13,101.0156
01-09-1965,0.071574152,0.37,1.66271,11.04816,-0.09,0.06,0.25,0.29,0.33,101.1165
01-10-1965,0.077077195,0.32,3.81862,12.88515,-0.05,0.11,0.24,0.29,0.3,101.2707
01-11-1965,0.078534644,0.36,7.22892,12.36264,-0.01,0.14,0.28,0.37,0.36,101.4524
01-12-1965,0.092544069,0.24,10.28708,14.0625,0.06,0.23,0.45,0.45,0.35,101.6268
01-01-1966,0.083604273,0.02,10.02387,20.47244,0.17,0.29,0.55,0.54,0.29,101.751
01-02-1966,0.068472622,0.18,14.48931,18.32061,0.05,0.22,0.35,0.39,0.24,101.7798
01-03-1966,0.023609352,0.28,16.62708,16.79389,-0.06,0.13,0.33,0.28,0.23,101.69
01-04-1966,0.041264067,0.13,13.09524,17.55725,-0.05,0.07,0.26,0.19,0.11,101.4824
01-05-1966,-0.028001792,0.14,13.53919,19.28021,-0.26,-0.09,0.1,0.05,-0.06,101.1797
01-06-1966,0.011994356,0.31,13.74408,18.42105,-0.67,-0.52,-0.17,-0.16,-0.32,100.8377
01-07-1966,0.010952774,0.22,18.76485,25,-0.5,-0.37,0,-0.01,-0.16,100.4845
01-08-1966,-0.067522257,0.26,22.11765,29.16667,-0.57,-0.26,0.1,0.06,-0.22,100.1386
01-09-1966,-0.129447304,-0.19,21.96262,36.9898,-0.03,0.39,0.51,0.18,-0.13,99.80906
01-10-1966,-0.156034577,-0.34,15.4023,32.75434,-0.18,0.09,0.12,-0.2,-0.45,99.49464
01-11-1966,-0.121106891,-0.16,15.73034,30.07335,-0.44,-0.22,-0.21,-0.39,-0.59,99.20743
01-12-1966,-0.113376213,-0.12,5.63991,13.24201,-0.44,-0.33,-0.19,-0.39,-0.55,98.96638
01-01-1967,-0.095049293,-0.14,-0.43384,2.83224,-0.22,-0.2,-0.12,-0.17,-0.29,98.79313
01-02-1967,-0.057503506,0.07,-4.35685,-1.93548,-0.44,-0.41,-0.27,-0.25,-0.36,98.70366
01-03-1967,0.006075608,0.28,-7.33198,-7.18954,-0.27,-0.31,-0.15,0.04,0.04,98.72794
01-04-1967,-0.0069869,0.75,-3.36842,-16.88312,-0.21,-0.16,0.07,0.47,0.56,98.86941
01-05-1967,0.06695091,1.25,1.46444,-22.41379,-0.34,-0.14,0.23,0.82,0.92,99.11089
01-06-1967,0.062398327,1.48,4.16667,-21.33333,-0.44,-0.09,0.51,1.05,1.06,99.40953
01-07-1967,0.083527493,0.95,3.2,-12.29167,0.42,0.93,1.23,1.44,1.38,99.728
01-08-1967,0.171605704,1.01,1.54143,-13.91129,0.37,0.93,1.25,1.43,1.39,100.0333
01-09-1967,0.231332734,0.88,1.341,-17.69088,0.43,0.97,1.25,1.4,1.31,100.2962
01-10-1967,0.240243744,0.92,8.96414,-14.76636,0.68,1.19,1.5,1.7,1.61,100.5042
01-11-1967,0.144091863,1.02,11.65049,-11.09023,0.6,1.12,1.47,1.64,1.61,100.6524
01-12-1967,0.171769335,0.73,17.04312,0.20161,0.46,0.98,1.21,1.26,1.2,100.7411
01-01-1968,0.125399645,0.53,20.4793,5.9322,0.4,0.64,0.82,0.93,0.92,100.765
01-02-1968,0.038804945,0.58,20.60738,9.21053,0.27,0.46,0.73,0.9,0.88,100.7531
01-03-1968,-0.00369045,0.57,25.49451,21.3615,0.12,0.28,0.56,0.74,0.72,100.7243
01-04-1968,0.051781003,0.26,22.44009,40.10417,-0.38,-0.27,-0.03,-0.04,-0.1,100.6986
01-05-1968,0.057025597,0.21,20.82474,57.22222,-0.45,-0.28,0.05,-0.06,-0.22,100.7013
01-06-1968,0.099201575,0.2,14.4,55.9322,-0.55,-0.43,-0.1,-0.24,-0.37,100.7336
01-07-1968,0.078378669,0.19,6.78295,26.12827,-0.71,-0.61,-0.39,-0.44,-0.54,100.7999
01-08-1968,0.038310932,0.33,2.8463,19.20375,-0.94,-0.8,-0.6,-0.54,-0.61,100.9089
01-09-1968,0.057300908,0.27,3.21361,17.42081,-0.59,-0.53,-0.31,-0.28,-0.29,101.0588
01-10-1968,0.085093038,0.23,1.82815,17.32456,-0.56,-0.5,-0.33,-0.35,-0.32,101.2044
01-11-1968,0.137491906,0.25,-1.21739,15.22199,-0.37,-0.22,0.04,-0.05,-0.01,101.2952
01-12-1968,0.11752361,0.07,5.78947,19.91952,-0.06,0.04,0.29,0.21,0.12,101.3133
01-01-1969,0.073232323,-0.1,9.58409,22.8,-0.16,-0.02,0.03,-0.06,-0.27,101.2646
01-02-1969,0.1184573,0.07,11.33094,22.89157,-0.49,-0.31,-0.13,-0.21,-0.36,101.1573
01-03-1969,0.11460321,0.28,10.33275,16.44101,-0.77,-0.63,-0.41,-0.34,-0.46,100.9993
01-04-1969,0.058848124,0.06,9.96441,13.56877,-1.3,-1.28,-1.12,-1.08,-1.2,100.7876
01-05-1969,0.068764688,0.28,7.84983,6.71378,-2.63,-2.52,-2.05,-1.94,-2.15,100.5285
01-06-1969,-0.013532338,0.13,14.86014,16.66667,-2.46,-2.15,-1.57,-1.87,-2.04,100.2623
01-07-1969,-0.055732802,-0.28,21.96007,31.82674,-1.61,-1.37,-0.84,-1.43,-1.72,100.0216
01-08-1969,-0.040057079,-0.29,23.43173,37.13163,-2.21,-2,-1.47,-1.99,-2.32,99.81859
01-09-1969,-0.067028628,0.07,30.40293,36.60886,-2.06,-1.83,-1.24,-1.49,-1.9,99.63612
01-10-1969,-0.079768786,0.1,27.82765,30.84112,-2,-1.71,-1.17,-1.3,-1.71,99.43741
01-11-1969,-0.087191651,-0.1,25.70423,32.84404,-1.61,-1.23,-0.83,-1.19,-1.58,99.20058
01-12-1969,-0.144507042,-0.17,26.36816,31.20805,-1.15,-1.07,-0.69,-0.9,-1.2,98.91852
01-01-1970,-0.114607843,-0.08,29.0429,28.1759,-1.11,-1.2,-0.86,-0.79,-1.16,98.60237
01-02-1970,-0.141280788,0.11,16.80129,16.50327,-1.85,-1.76,-1.36,-1.12,-1.71,98.29003
01-03-1970,-0.107250755,0.44,12.22222,10.13289,-1.13,-1.18,-0.73,-0.49,-0.62,98.02012
01-04-1970,-0.151530109,0.88,17.79935,6.54664,-1.59,-1.5,-1.03,-0.58,-0.7,97.80991
01-05-1970,-0.272848948,1.07,24.84177,13.24503,-1.1,-0.92,-0.11,0.11,0.05,97.68262
01-06-1970,-0.237542869,1.16,19.6347,3.72671,-0.92,-0.74,0.01,0.31,0.3,97.63225
01-07-1970,-0.20050681,1.01,11.45833,-7.85714,-0.76,-0.7,-0.01,0.48,0.35,97.63553
01-08-1970,-0.172648121,1.12,12.55605,-8.16619,-0.2,-0.06,0.36,0.95,0.91,97.6856
01-09-1970,-0.126230029,1.27,4.21348,-13.68124,-0.17,0.17,0.46,1.03,1.13,97.79649
01-10-1970,-0.116729481,1.42,2.80899,-15.57143,-0.29,0.01,0.24,0.93,1.14,97.99722
01-11-1970,-0.123999584,1.56,-3.78151,-27.07182,-0.32,-0.18,-0.09,0.87,1.25,98.32253
01-12-1970,-0.011634288,1.52,-16.27297,-37.72379,-0.03,-0.01,0.15,1.1,1.54,98.76071
01-01-1971,0.035212047,1.8,-19.43734,-43.58323,0.3,0.33,0.27,1.59,1.94,99.22958
01-02-1971,0.114157871,2.41,-15.49101,-48.10659,-0.02,0.06,0.22,1.9,2.45,99.63957
01-03-1971,0.123519459,2.32,-18.95332,-49.01961,-0.33,-0.21,-0.02,1.3,1.99,99.93961
01-04-1971,0.198371146,1.97,-20.46703,-40.70661,-0.29,-0.12,0.14,1.49,1.67,100.1297
01-05-1971,0.335787536,2.25,-18.88466,-39.47368,-0.49,-0.27,0.38,1.62,1.73,100.2241
01-06-1971,0.319222119,1.77,-17.43003,-28.89222,-0.16,0.06,0.73,1.62,1.61,100.2531
01-07-1971,0.307448495,1.33,-10.28037,-16.27907,0.09,0.32,0.74,1.55,1.43,100.2563
01-08-1971,0.247946612,1.64,-12.2178,-22.93292,-0.62,-0.34,0.23,0.98,1.01,100.2748
01-09-1971,0.203681279,1.45,-16.98113,-23.36601,-0.86,-0.58,-0.11,0.61,0.62,100.3509
01-10-1971,0.153135001,1.47,-18.71585,-24.53469,-0.74,-0.6,-0.29,0.72,0.72,100.5165
01-11-1971,0.100854295,1.59,-15.57496,-20.07576,-0.69,-0.53,-0.22,0.89,0.92,100.7838
01-12-1971,0.101277068,1.92,-7.05329,-17.65914,-0.13,0.09,0.51,1.6,1.83,101.135
01-01-1972,0.104931009,2.57,-5.71429,-23.87387,-0.12,0.16,0.73,2.05,2.4,101.5017
01-02-1972,0.083307589,2.88,-0.32733,-13.51351,-0.09,0.34,0.98,2.4,2.79,101.8242
01-03-1972,0.081325301,2.34,5.93368,10.35503,-0.1,0.29,0.83,2.03,2.23,102.069
01-04-1972,0.05631068,2.48,6.90846,-3.88601,-0.46,0.06,0.8,2,2.03,102.2454
01-05-1972,0.06003937,2.44,-4.21875,-10.86957,-0.58,-0.15,0.38,1.59,1.86,102.377
01-06-1972,0.083032491,2.2,-6.00924,-17.68421,-0.55,-0.11,0.46,1.44,1.64,102.4938
01-07-1972,0.082828283,2.13,-9.07738,-26.2963,-0.57,-0.05,0.45,1.45,1.59,102.6302
01-08-1972,0.141505553,2.19,-6.65658,-18.62348,-0.78,-0.25,0.16,1.19,1.39,102.8066
01-09-1972,0.100603622,1.89,5.84416,-0.63966,-0.21,0.26,0.7,1.43,1.72,103.0039
01-10-1972,0.126528934,1.74,8.90756,6.27803,-0.3,0.09,0.44,1.1,1.4,103.1884
01-11-1972,0.240569088,1.5,8.44828,13.27014,-0.28,0.03,0.23,1.07,1.23,103.3351
01-12-1972,0.184834123,1.29,7.08263,26.43392,-0.26,-0.03,0.19,0.83,1.03,103.4131
01-01-1973,0.146176186,1.05,8.58586,60.05917,-0.53,-0.32,-0.06,0.39,0.51,103.4007
01-02-1973,0.085551331,1.04,8.70279,75,-0.98,-0.75,-0.35,0.06,0.09,103.29
01-03-1973,0.04363974,0.62,10.37891,63.27078,-1,-0.58,-0.19,-0.24,-0.33,103.076
01-04-1973,0.013786765,0.41,7.75444,68.73315,-0.86,-0.6,-0.28,-0.46,-0.46,102.7707
01-05-1973,-0.004642526,0.49,11.41925,72.35772,-1.48,-1.22,-0.92,-1.02,-0.97,102.4103
01-06-1973,-0.02962963,-0.29,13.27869,83.88747,-1.3,-1.26,-1.19,-1.8,-1.59,102.0409
01-07-1973,-0.013059701,-0.88,16.20295,101.25628,-2.39,-2.28,-2.04,-3.1,-3.3,101.7027
01-08-1973,-0.064864865,-1.27,19.93517,115.67164,-1.83,-1.85,-1.63,-2.82,-3.05,101.4279
01-09-1973,-0.034734918,-1.2,8.74233,77.897,-2.49,-2.33,-2.41,-3.66,-3.62,101.2191
01-10-1973,0.001824818,-0.43,4.93827,52.32068,-2.79,-2.69,-2.57,-3.2,-3.17,101.0524
01-11-1973,-0.113814075,-1.1,6.99523,63.80753,-2.2,-2.07,-2.54,-3.19,-3.38,100.8836
01-12-1973,-0.193361702,-0.71,6.29921,46.9428,-2.5,-2.39,-2.61,-3.08,-3.14,100.6936
01-01-1974,-0.188260135,-0.78,8.21705,43.62292,-1.88,-2,-2.21,-2.68,-2.64,100.4889
01-02-1974,-0.181698774,-0.16,5.13595,27.14286,-1.85,-2.01,-2.08,-2.14,-2,100.2473
01-03-1974,-0.133096085,-0.75,7.01493,30.70608,-1.39,-1.52,-1.58,-2.02,-2.13,99.94865
01-04-1974,-0.161740707,-0.82,12.44378,33.06709,-2.18,-2.19,-1.87,-2.57,-2.98,99.57277
01-05-1974,-0.163526119,-0.65,10.98097,29.40252,-3.08,-2.91,-2.48,-3.09,-3.69,99.12859
01-06-1974,-0.143225191,-0.36,9.11722,9.87483,-4.03,-3.81,-3.19,-3.76,-4.32,98.63042
01-07-1974,-0.250378072,0.26,9.71831,-5.74282,-5.37,-4.98,-4.08,-4.5,-5.07,98.09418
01-08-1974,-0.267533719,-0.92,8.37838,3.34487,-3.05,-2.9,-2.61,-3.34,-3.93,97.53629
01-09-1974,-0.354924242,-0.02,13.5402,-2.77443,-3.28,-2.81,-2.43,-2.93,-3.27,96.96677
01-10-1974,-0.367577414,0.44,16.32353,3.3241,-2.6,-2.32,-2.01,-2.09,-2.16,96.43755
01-11-1974,-0.296666667,0.21,14.56166,-4.5977,-1.98,-1.93,-1.74,-1.72,-1.72,95.9939
01-12-1974,-0.292361258,0.28,10.22222,-4.02685,-1.38,-1.42,-1.12,-1.12,-0.99,95.69759
01-01-1975,-0.245031735,1.24,7.30659,-19.43372,-0.87,-0.77,-0.35,0.22,0.32,95.60821
01-02-1975,-0.142857143,1.89,6.17816,-22.75281,-0.74,-0.62,-0.2,0.93,1.21,95.71564
01-03-1975,-0.140188834,2.24,7.81032,-31.03015,-0.05,0.08,0.66,1.86,2.29,95.98825
01-04-1975,-0.083711875,2.62,9.33333,-32.65306,0.12,0.51,1.39,2.47,2.71,96.39314
01-05-1975,0.004795361,2.83,6.72823,-36.452,0.01,0.37,1.16,2.49,2.83,96.86827
01-06-1975,0.029067825,2.52,4.24403,-32.40506,-0.21,0.06,0.76,1.98,2.33,97.36998
01-07-1975,0.166183331,1.93,3.20924,-18.80795,0.03,0.4,1.03,1.84,1.98,97.8675
01-08-1975,0.127318164,1.96,4.2394,-28.125,0.3,0.8,1.58,2.2,2.27,98.33427
01-09-1975,0.242953611,2.01,4.59627,-20.34739,0.18,0.68,1.53,2.14,2.2,98.76667
01-10-1975,0.275489631,2.18,3.16056,-20.10724,0.14,0.43,1.14,2.16,2.32,99.17818
01-11-1975,0.255505994,2.57,4.40986,-26.63989,0.26,0.58,1.32,2.64,2.89,99.58224
01-12-1975,0.322498882,2.56,7.93011,-23.91608,0.24,0.65,1.4,2.56,2.8,99.98379
01-01-1976,0.334895259,2.87,3.33778,-22.20447,0,0.27,0.97,2.62,2.9,100.3665
01-02-1976,0.255930087,2.91,5.54804,-11.27273,0.11,0.43,1.15,2.69,3.04,100.6853
01-03-1976,0.206731917,2.73,0.25873,-8.92532,0.16,0.6,1.37,2.65,2.9,100.9046
01-04-1976,0.202785647,2.7,-7.68293,-13.36898,0.04,0.36,1.08,2.41,2.72,101.0297
01-05-1976,0.123196448,2.7,-2.34858,-0.57361,-0.09,0.33,1.13,2.32,2.62,101.0765
01-06-1976,0.101731602,2.45,0,1.31086,-0.07,0.29,1.04,2.13,2.38,101.0718
01-07-1976,0.126608282,2.6,-2.48756,-14.68189,-0.08,0.22,0.9,2.19,2.53,101.0402
01-08-1976,0.205226928,2.63,-6.9378,-20.18634,-0.15,0.11,0.7,2.01,2.47,100.9974
01-09-1976,0.246013937,2.51,-9.50119,-20.87227,-0.17,0.05,0.59,1.88,2.34,100.9708
01-10-1976,0.150502428,2.49,-8.94608,-17.44966,-0.1,0.04,0.49,1.74,2.4,100.9832
01-11-1976,0.123570556,2.54,-8.9441,-13.32117,-0.2,-0.07,0.35,1.57,2.35,101.0561
01-12-1976,0.180383315,2.52,-14.3213,-20.03676,-0.3,-0.14,0.22,1.43,2.19,101.1859
01-01-1977,0.071649804,2.59,-6.97674,-5.13347,0.01,0.22,0.65,1.94,2.57,101.347
01-02-1977,0.003976143,2.72,-5.25641,-4.30328,-0.01,0.22,0.78,2.14,2.7,101.5197
01-03-1977,-0.004945598,2.86,-3.74194,-8,-0.09,0.19,0.8,2.23,2.76,101.6765
01-04-1977,-0.027968597,2.83,-2.37781,-6.58436,-0.19,0.07,0.72,2.07,2.65,101.7841
01-05-1977,-0.024110672,2.5,-5.56962,-4.61538,-0.39,-0.15,0.5,1.59,2.11,101.8348
01-06-1977,-0.024656189,2.26,-6.99746,-7.20887,-0.37,-0.18,0.4,1.36,1.88,101.8275
01-07-1977,-0.038387716,2.14,-6.7602,-0.76482,-0.23,-0.02,0.53,1.44,1.92,101.773
01-08-1977,-0.053727009,1.91,-4.62725,6.80934,-0.41,-0.07,0.47,1.13,1.5,101.69
01-09-1977,-0.087867299,1.53,-3.80577,14.37008,-0.33,-0.1,0.37,0.89,1.19,101.605
01-10-1977,-0.080078508,1.36,1.21131,25.20325,-0.31,-0.04,0.49,0.85,1.05,101.5327
01-11-1977,-0.068379447,1.48,3.54707,28.42105,-0.41,-0.1,0.47,0.85,1.09,101.473
01-12-1977,-0.10391595,1.62,11.48256,39.54023,-0.49,-0.16,0.38,0.9,1.11,101.4329
01-01-1978,-0.130539499,1.52,10.41667,39.39394,-0.26,0,0.54,1.03,1.22,101.4244
01-02-1978,-0.119009901,1.58,8.66035,38.11563,-0.33,-0.04,0.53,1.03,1.23,101.4572
01-03-1978,-0.117097416,1.75,7.64075,36.73913,-0.5,-0.16,0.51,1.05,1.23,101.5653
01-04-1978,-0.064008077,1.86,10.41949,38.54626,-0.6,-0.16,0.59,1.12,1.29,101.7211
01-05-1978,-0.013669502,1.94,11.79625,29.23387,-0.95,-0.34,0.46,0.81,0.98,101.8782
01-06-1978,-0.016416558,1.73,15.73187,34.06375,-0.87,-0.37,0.48,0.74,0.84,101.9971
01-07-1978,-0.03003992,1.63,18.33105,35.06744,-0.8,-0.37,0.59,0.74,0.84,102.0546
01-08-1978,0.062915601,1.33,13.61186,28.96175,-0.96,-0.67,0.25,0.28,0.35,102.0404
01-09-1978,0.079704874,0.57,14.73397,35.11188,-0.6,-0.46,0.18,-0.04,-0.05,101.9578
01-10-1978,0.073181139,0.65,14.49468,29.70779,-0.97,-0.41,0.15,-0.37,-0.34,101.8132
01-11-1978,0.004560882,0.17,16.07378,41.63934,-1.12,-0.52,0.24,-0.94,-0.97,101.6275
01-12-1978,0.024408442,-0.07,17.20991,49.58814,-0.95,-0.67,0.3,-0.92,-0.99,101.4362
01-01-1979,0.104819945,-0.25,14.71698,45.18634,-0.72,-0.6,0.36,-0.86,-0.96,101.2677
01-02-1979,0.103955945,-0.22,12.95143,44.49612,-0.74,-0.65,0.16,-0.95,-0.98,101.1063
01-03-1979,0.126998424,-0.36,13.5741,50.71542,-0.61,-0.62,0.17,-0.88,-0.96,100.9234
01-04-1979,0.101283572,-0.28,12.37745,50.39746,-0.55,-0.52,0.11,-0.76,-0.83,100.7053
01-05-1979,0.023816857,-0.36,11.27098,49.922,-0.63,-0.7,-0.11,-0.99,-0.97,100.4671
01-06-1979,0.041368011,-0.15,5.55556,34.6211,-1.23,-1.23,-0.72,-1.44,-1.38,100.2201
01-07-1979,0.056693075,-0.29,3.3526,31.8117,-1.23,-1.23,-0.84,-1.59,-1.54,99.97546
01-08-1979,0.033686237,-0.49,7.11744,34.46328,-1.42,-1.45,-0.96,-1.88,-1.91,99.74413
01-09-1979,0.045235804,-0.93,11.05826,30.70064,-1.17,-1.23,-0.53,-1.97,-2.04,99.51722
01-10-1979,0.038767396,-1.4,18.69919,46.43304,-2.07,-2.11,-1.37,-3.19,-3.51,99.27537
01-11-1979,0.094921339,-1.14,21.22588,36.45833,-1.39,-1.36,-0.75,-2.21,-2.49,99.01949
01-12-1979,0.121631464,-1.65,15.57286,32.59912,-1.74,-1.94,-1.79,-3.35,-3.38,98.75317
01-01-1980,0.112225454,-1.2,17.21491,28.34225,-1.82,-1.98,-1.66,-2.98,-2.92,98.47509
01-02-1980,0.173775832,-0.45,34.72988,37.98283,-1.27,-1.27,-0.24,-1.57,-1.75,98.16878
01-03-1980,0.045954046,-2.45,39.91228,60.33755,-1.99,-2.16,-1.29,-3.63,-4.35,97.87027
01-04-1980,0.008814887,-1.73,27.69902,39.53488,-4.41,-4.73,-4.02,-5.48,-5.85,97.69814
01-05-1980,0.079915773,1.6,10.34483,-10.718,-2.4,-2.33,-1.57,-1.02,-0.78,97.74512
01-06-1980,0.126843658,2.71,9.29451,-21.96468,-2.4,-2.17,-1.26,-0.2,0.36,98.04647
01-07-1980,0.166504382,2.19,13.75839,-12.77056,-0.97,-0.97,-0.34,0.54,1.26,98.5328
01-08-1980,0.14990689,1.97,21.92691,-4.09664,-0.48,-0.2,0.76,1.36,1.62,99.08049
01-09-1980,0.164825046,1.24,22.59101,0.09747,-0.6,-0.3,0.67,0.77,0.66,99.55631
01-10-1980,0.245933014,0.13,15.06849,-0.68376,-1.19,-1.18,-0.29,-0.92,-1.03,99.86671
01-11-1980,0.308582449,-1.05,18.72659,16.45462,-2.12,-2.35,-1.74,-3.06,-3.21,99.98891
01-12-1980,0.238404453,-2.65,24.0616,28.65449,-3.41,-4.26,-4.08,-5.71,-6.11,99.96642
01-01-1981,0.199278629,-2.45,17.21235,25.16667,-4.06,-5,-4.78,-6.09,-6.29,99.87519
01-02-1981,0.113616652,-1.6,8.10147,15.00778,-1.14,-1.88,-1.37,-2.53,-2.75,99.76368
01-03-1981,0.272206304,-0.24,2.74295,-12.10526,-1.34,-1.89,-0.99,-1.29,-1.58,99.65353
01-04-1981,0.304854369,-0.01,15.88386,3.71212,-2.03,-2.27,-1.52,-1.85,-2.17,99.51339
01-05-1981,0.222841226,-2.2,37.30469,89.97669,-2.22,-3.23,-2.21,-3.79,-4.31,99.31315
01-06-1981,0.154450262,-1.26,37.70492,108.34512,-4.37,-5.01,-4.16,-5.06,-5.54,99.06403
01-07-1981,0.077629382,-0.67,39.82301,85.48387,-4.09,-4.3,-3.35,-4.28,-4.78,98.79819
01-08-1981,0.049392713,-0.57,35.51317,69.87952,-2.31,-2.3,-1.28,-2.44,-3.06,98.51948
01-09-1981,-0.064822134,0.62,33.36245,43.13535,-1.17,-0.95,0.6,0,-0.6,98.20669
01-10-1981,-0.079877112,1.61,29.33673,16.52324,-1.54,-1.26,0.35,0.38,0.12,97.8754
01-11-1981,-0.094325719,2.53,5.91483,-20.90313,-2.45,-2.01,-0.9,0.06,0.08,97.54939
01-12-1981,-0.072659176,2.87,5.81846,-29.95481,-1.52,-0.85,0.4,1.15,1.28,97.25574
01-01-1982,-0.118045113,2.31,15.64246,-18.24234,-0.94,-0.39,1.06,1.38,1.33,96.98531
01-02-1982,-0.108255452,0.95,9.38683,-8.85734,-1.3,-1.17,-0.01,-0.2,-0.32,96.72083
01-03-1982,-0.168168168,1.18,5.41571,-5.08982,-2,-1.91,-0.76,-0.73,-0.85,96.48914
01-04-1982,-0.134672619,1.17,2.57922,-7.23156,-2.24,-2.14,-0.95,-0.92,-1.05,96.33292
01-05-1982,-0.116173121,1.53,-3.12945,-25.82822,-2.36,-2.29,-1.23,-0.82,-0.95,96.26493
01-06-1982,-0.170823885,1.83,5.95238,-15.34284,-1.68,-1.45,-0.08,0.28,0.15,96.28996
01-07-1982,-0.152594888,2.6,-1.26582,-24.08027,-1.24,-0.71,0.75,1.58,1.46,96.39993
01-08-1982,-0.153549383,4.38,-12.33244,-44.03611,-1.44,-0.24,1.31,2.88,2.94,96.58253
01-09-1982,0.03465765,4.42,-18.14014,-46.12245,-2.39,-0.94,0.51,1.9,1.99,96.84105
01-10-1982,0.107679466,3.2,-27.41617,-43.05761,-2,-1.42,-0.37,1.11,1.22,97.1639
01-11-1982,0.123677787,2.48,-21.66791,-25.69061,-1.13,-0.86,-0.07,1.15,1.32,97.5573
01-12-1982,0.126009693,2.6,-22.58065,-26.82028,-1.01,-0.79,-0.11,1.2,1.52,98.03056
01-01-1983,0.230179028,2.6,-27.95031,-35.99349,-0.82,-0.75,0.05,1.45,1.88,98.57159
01-02-1983,0.28209607,2.61,-25.67474,-39.8368,-0.4,-0.28,0.37,1.7,2.17,99.15509
01-03-1983,0.370938628,2.16,-24.24023,-34.14826,-0.42,-0.4,0.22,1.26,1.68,99.75591
01-04-1983,0.355975924,2.19,-25,-35.35433,-0.59,-0.5,0.2,1.24,1.62,100.3426
01-05-1983,0.409793814,2.19,-23.93539,-32.25806,-0.44,-0.41,0.24,1.37,1.72,100.881
01-06-1983,0.516864175,2.06,-24.08708,-29.51083,-0.19,-0.09,0.64,1.61,1.83,101.3416
01-07-1983,0.526508227,2.3,-19.37322,-20,-0.29,-0.11,0.83,1.84,2.01,101.7113
01-08-1983,0.480401094,2.51,-9.48012,7.60369,-0.22,-0.05,0.97,2.06,2.28,101.9919
01-09-1983,0.366013072,2.65,-6.48,13.63636,-0.45,-0.3,0.71,1.99,2.21,102.2051
01-10-1983,0.263752826,2.9,4.43841,12.06226,-0.84,-0.65,0.38,1.85,2.12,102.3586
01-11-1983,0.196234613,2.93,11.31179,8.55019,-0.58,-0.41,0.58,2.05,2.33,102.4544
01-12-1983,0.179340029,2.83,11.74242,13.35013,-0.47,-0.3,0.57,2,2.29,102.4893
01-01-1984,0.153153153,2.77,11.87739,13.23155,-0.66,-0.55,0.32,1.79,2.09,102.4555
01-02-1984,0.071525886,2.75,9.86965,12.08385,-0.5,-0.41,0.42,1.92,2.22,102.3502
01-03-1984,0.036208032,2.8,17.383,14.01198,-0.39,-0.25,0.69,2.12,2.42,102.1689
01-04-1984,-0.000634115,2.94,20.97701,18.0268,-0.6,-0.45,0.56,2.02,2.28,101.9232
01-05-1984,-0.045703839,3.58,28.37838,20.02442,-0.49,-0.01,1.18,2.69,2.93,101.6391
01-06-1984,-0.079927885,3.69,25.99445,12.28669,-1.19,-0.55,1,2.39,2.48,101.3346
01-07-1984,-0.095209581,3.24,18.55124,11.45374,-1.11,-0.71,0.72,1.97,2.06,101.0446
01-08-1984,0.012315271,2.25,7.60135,12.0985,-1.17,-1.03,0.17,1.03,1.06,100.7891
01-09-1984,-0.006578947,2.15,7.27117,15.22222,-0.93,-0.83,0.31,1.27,1.26,100.5841
01-10-1984,-0.017292785,2.42,5.98439,12.73148,-0.25,-0.12,0.89,2.06,2.16,100.4351
01-11-1984,0.006658596,2.96,-0.85397,-1.71233,-0.82,-0.62,0.44,1.95,2.2,100.3344
01-12-1984,0.000608273,3.44,-2.54237,-10.44444,-0.32,-0.1,0.97,2.7,3.13,100.2676
01-01-1985,0.03125,3.62,-1.96918,-12.80899,-0.59,-0.35,0.63,2.54,2.99,100.2203
01-02-1985,0.150031786,3.24,-3.64407,-9.0209,-0.23,-0.11,0.81,2.65,3.03,100.178
01-03-1985,0.139771283,3.34,-3.58015,-10.5042,-0.06,0.32,1.31,2.97,3.3,100.1446
01-04-1985,0.145939086,3.48,-9.34283,-17.95666,-0.32,-0.04,0.8,2.67,3.09,100.1166
01-05-1985,0.180715198,3.37,-18.19549,-23.90641,-0.49,-0.32,0.47,2.35,2.86,100.0908
01-06-1985,0.233834095,3.21,-25.40382,-29.5846,-0.58,-0.44,0.29,2.09,2.64,100.0677
01-07-1985,0.273990735,3.23,-23.62146,-30.03953,-0.8,-0.68,-0.04,1.8,2.41,100.0359
01-08-1985,0.145377129,3.19,-18.60283,-31.80516,-0.76,-0.58,0.13,1.89,2.42,100.006
01-09-1985,0.108368453,3.27,-17.30463,-31.53327,-0.82,-0.65,0.1,1.84,2.41,99.98358
01-10-1985,0.129854369,3.08,-15.95745,-26.48871,-0.83,-0.66,-0.01,1.66,2.21,99.97572
01-11-1985,0.187612748,2.54,-15.33161,-15.91173,-0.81,-0.75,-0.17,1.23,1.74,99.98964
01-12-1985,0.260182371,2.16,-19.30435,-11.91067,-1.17,-1.13,-0.76,0.29,0.82,100.0197
01-01-1986,0.213286713,2.12,-19.91266,-8.89175,-1.07,-0.98,-0.25,0.7,1.21,100.044
01-02-1986,0.212824765,1.64,-23.48285,-14.6312,-0.8,-0.75,-0.26,0.46,0.83,100.0518
01-03-1986,0.294871795,1.22,-34.2616,-23.00469,-0.92,-0.91,-0.51,-0.08,0.24,100.0437
01-04-1986,0.317829457,1.24,-36.33188,-23.77358,-0.93,-0.91,-0.6,0.01,0.25,100.0274
01-05-1986,0.289886425,1.56,-29.41176,-17.78075,-0.7,-0.66,-0.22,0.65,0.84,100.0096
01-06-1986,0.298570672,1.59,-23.0315,-10.64748,-0.71,-0.65,-0.22,0.69,0.85,99.9797
01-07-1986,0.247792208,1.47,-28.97561,-17.65537,-0.73,-0.7,-0.3,0.5,0.74,99.93349
01-08-1986,0.301115242,1.64,-30.47252,-22.54902,-0.64,-0.62,-0.24,0.63,0.99,99.88486
01-09-1986,0.294405215,2.24,-28.35101,-26.61972,-0.68,-0.54,-0.15,1,1.53,99.84135
01-10-1986,0.274973147,2.25,-27.55599,-27.65363,-0.67,-0.59,-0.14,0.97,1.56,99.81371
01-11-1986,0.241012658,1.9,-26.24619,-26.10497,-0.69,-0.63,-0.3,0.66,1.16,99.82278
01-12-1986,0.199228172,1.58,-23.49138,-22.11268,-1.38,-1.36,-1.35,-0.55,-0.11,99.89218
01-01-1987,0.270413064,1.65,-22.57361,-23.19661,-1,-0.99,-0.41,0.44,0.89,100.0328
01-02-1987,0.280309936,1.66,-16.66667,-20.82153,-0.51,-0.51,-0.16,0.67,1.13,100.2237
01-03-1987,0.259147654,1.66,-7.31707,-14.78659,-0.54,-0.53,-0.12,0.64,1.1,100.4251
01-04-1987,0.215546219,2.38,8.64198,-6.93069,-0.73,-0.47,0.05,1.12,1.57,100.611
01-05-1987,0.212159329,2.95,11.45833,-7.96748,-1.19,-0.8,0.18,1.43,1.79,100.7667
01-06-1987,0.228699552,2.73,7.54476,-8.69565,-1.06,-0.74,0.07,1.29,1.68,100.8775
01-07-1987,0.291007494,2.76,15.93407,-2.40137,-0.89,-0.82,0.1,1.42,1.86,100.9292
01-08-1987,0.344489796,2.72,21.35922,9.22242,-0.69,-0.58,0.28,1.58,2.02,100.903
01-09-1987,0.337389845,3.02,26.11036,22.84069,-0.82,-0.58,0.38,1.66,2.13,100.8006
01-10-1987,0.180286436,3.39,28.36022,18.33977,-1.16,-0.6,0.32,1.81,2.25,100.6445
01-11-1987,-0.000407997,3.17,22.2069,6.35514,-1,-0.5,0.29,1.67,2.19,100.4798
01-12-1987,-0.030571199,3.22,26.90141,4.33996,-1,-0.41,0.4,1.68,2.22,100.3632
01-01-1988,-0.052930057,2.86,22.53521,6.99816,-1.02,-0.58,0.14,1.33,1.81,100.3054
01-02-1988,-0.081167675,2.55,13.37931,1.25224,-0.92,-0.65,0.06,1.14,1.64,100.2975
01-03-1988,-0.091623932,2.67,15.37396,1.9678,-0.88,-0.67,0.12,1.25,1.79,100.3264
01-04-1988,-0.092291739,2.81,9.72222,4.78723,-0.96,-0.66,0.11,1.29,1.82,100.3811
01-05-1988,-0.114147354,2.83,6.07477,10.60071,-0.83,-0.53,0.34,1.53,2.04,100.4499
01-06-1988,-0.101857996,2.46,6.42093,13.93298,-1.05,-0.8,-0.04,0.95,1.39,100.5129
01-07-1988,-0.132215414,2.33,6.87204,18.27768,-1.02,-0.76,0.01,0.91,1.31,100.5499
01-08-1988,-0.199453552,2.2,5.82857,16.88742,-0.95,-0.62,0.17,0.94,1.26,100.564
01-09-1988,-0.159083778,1.74,-3.84205,13.125,-0.95,-0.76,-0.1,0.5,0.78,100.565
01-10-1988,-0.009992862,1.45,-7.8534,19.90212,-0.95,-0.8,-0.18,0.22,0.5,100.5606
01-11-1988,0.106122449,1.2,0.79007,36.37961,-0.59,-0.49,0.12,0.43,0.6,100.5504
01-12-1988,0.147302905,1.04,1.10988,39.86135,-0.69,-0.54,0.22,0.32,0.33,100.5294
01-01-1989,0.139321357,0.82,4.5977,42.34079,-0.85,-0.76,-0.1,0,-0.06,100.4777
01-02-1989,0.139093375,0.64,11.19221,50.70671,-0.83,-0.81,-0.12,-0.1,-0.2,100.3773
01-03-1989,0.101618367,0.54,12.36495,54.73684,-1.03,-1,-0.29,-0.35,-0.51,100.2351
01-04-1989,0.151180503,0.53,5.63867,46.3621,-1.19,-1.19,-0.48,-0.54,-0.66,100.0748
01-05-1989,0.225693089,0.43,-2.09251,34.66454,-1.38,-1.4,-0.86,-0.92,-0.98,99.91934
01-06-1989,0.195788696,0.13,-7.03911,26.16099,-1.38,-1.6,-1.09,-1.23,-1.25,99.79848
01-07-1989,0.233370494,0.14,-10.97561,17.08767,-1.36,-1.63,-1.32,-1.39,-1.2,99.72422
01-08-1989,0.314372393,0.21,-12.85097,11.89802,-1.09,-1.25,-0.82,-0.91,-0.89,99.69455
01-09-1989,0.295895522,0.44,-8.99001,7.0442,-1.27,-1.28,-0.81,-0.86,-0.84,99.69751
01-10-1989,0.252343187,0.37,-8.86364,3.94558,-1.2,-1.22,-0.84,-0.87,-0.83,99.71185
01-11-1989,0.255350554,0.18,-11.75812,-0.90206,-0.86,-1.06,-0.82,-0.77,-0.71,99.73491
01-12-1989,0.260759494,0.21,-13.94072,-5.45229,-0.82,-1.03,-0.8,-0.78,-0.69,99.76438
01-01-1990,0.191205326,0.57,-10.32967,-7.6179,-0.59,-0.68,-0.34,-0.14,-0.05,99.79704
01-02-1990,0.123979592,0.73,-7.22101,-9.26143,-0.5,-0.54,-0.14,0.18,0.23,99.82634
01-03-1990,0.156337547,0.69,-8.44017,-10.43084,-0.38,-0.43,0.07,0.32,0.31,99.82671
01-04-1990,0.118690043,1.02,-4.46623,-10.17341,-0.49,-0.42,0.13,0.5,0.51,99.75539
01-05-1990,0.115801211,1.02,-1.12486,-8.18505,-0.44,-0.42,0.17,0.59,0.61,99.59018
01-06-1990,0.113345691,0.75,2.16346,-5.15337,-0.56,-0.66,-0.2,0.14,0.18,99.3128
01-07-1990,0.084754444,0.85,5.60399,-3.29949,-0.53,-0.63,-0.21,0.18,0.32,98.9272
01-08-1990,-0.045729948,1.3,8.05452,-5.6962,-0.68,-0.75,-0.37,0.29,0.6,98.46288
01-09-1990,-0.091822632,1.53,8.41463,-5.03226,-0.84,-0.88,-0.5,0.25,0.63,97.99137
01-10-1990,-0.115947035,1.55,8.97756,-6.15183,-0.94,-0.95,-0.59,0.19,0.58,97.58037
01-11-1990,-0.073221634,1.33,6.85279,-8.19246,-0.75,-0.78,-0.51,0.19,0.56,97.29697
01-12-1990,-0.056942054,1.34,3.06122,-11.66448,-0.57,-0.61,-0.29,0.39,0.74,97.18497
01-01-1991,-0.042591993,1.87,-0.85784,-18.58639,-0.69,-0.63,-0.46,0.59,0.98,97.24259
01-02-1991,0.096262672,1.91,-7.1934,-23.25581,-0.31,-0.32,-0.01,1.19,1.57,97.45387
01-03-1991,0.099923181,2.2,-5.60093,-25.18987,-0.21,-0.2,0.2,1.58,1.92,97.7675
01-04-1991,0.122715714,2.39,-8.32383,-27.28443,-0.26,-0.2,0.27,1.74,2.07,98.12267
01-05-1991,0.079200571,2.61,-8.19113,-29.45736,-0.32,-0.17,0.32,1.89,2.26,98.47965
01-06-1991,0.049668415,2.71,-2.58824,-27.94308,-0.33,-0.15,0.49,2.07,2.42,98.80657
01-07-1991,0.056106436,2.69,-2.35849,-26.77165,-0.24,-0.12,0.46,2.07,2.43,99.05611
01-08-1991,0.177324263,2.57,-8.94495,-28.45638,-0.33,-0.27,0.09,1.74,2.21,99.19176
01-09-1991,0.22760851,2.43,-13.72328,-29.07609,-0.23,-0.2,0.08,1.65,2.16,99.21971
01-10-1991,0.259703048,2.54,-13.95881,-30.40446,-0.22,-0.17,0.09,1.63,2.29,99.17129
01-11-1991,0.224015985,2.86,-11.75772,-35.41076,-0.25,-0.2,0.08,1.8,2.6,99.10006
01-12-1991,0.181779468,3.02,-12.00495,-39.61424,-0.36,-0.33,-0.1,1.71,2.61,99.06725
01-01-1992,0.278318842,3.23,-13.47342,-38.90675,-0.23,-0.16,0.04,2.13,2.92,99.1162
01-02-1992,0.138850549,3.5,-6.73443,-35.35354,-0.22,-0.13,0.23,2.52,3.28,99.23872
01-03-1992,0.094230149,3.5,-6.67491,-31.64129,0.06,0.2,0.62,2.93,3.53,99.40057
01-04-1992,0.073035188,3.73,-7.21393,-33.62832,0.02,0.14,0.46,2.94,3.64,99.54632
01-05-1992,0.097409984,3.76,-8.05452,-33.51648,-0.19,-0.07,0.35,2.85,3.55,99.63762
01-06-1992,0.079251368,3.6,-12.07729,-34.29084,-0.1,0.01,0.36,2.68,3.46,99.66254
01-07-1992,0.091576151,3.63,-16.90821,-42.47312,-0.04,0.03,0.25,2.49,3.5,99.6497
01-08-1992,0.073266564,3.46,-17.00252,-41.2758,-0.17,-0.09,0.15,2.27,3.26,99.63923
01-09-1992,0.080785124,3.51,-16.16688,-44.25287,-0.31,-0.26,-0.11,2.09,3.13,99.67123
01-10-1992,0.066222084,3.73,-12.76596,-42.68537,-0.24,-0.06,0.16,2.46,3.44,99.76927
01-11-1992,0.095667496,3.74,-7.53701,-31.35965,0.04,0.25,0.6,2.95,3.79,99.91091
01-12-1992,0.121309619,3.55,-4.5007,-20.88452,0.3,0.44,0.75,3.11,3.8,100.0371
01-01-1993,0.046024803,3.6,-5.42857,-21.05263,-0.02,0.12,0.38,2.71,3.48,100.0977
01-02-1993,0.07063215,3.33,-14.7139,-23.69792,-0.1,0.04,0.33,2.37,3.2,100.0793
01-03-1993,0.105066771,3.03,-20.92715,-26.9802,-0.12,-0.02,0.22,2.08,2.86,99.98985
01-04-1993,0.087553079,3.1,-19.83914,-23.46667,-0.09,0.01,0.26,2.15,2.99,99.8601
01-05-1993,0.073382995,3.08,-18.59838,-18.4573,-0.04,0.07,0.35,2.18,3.02,99.70926
01-06-1993,0.097460014,2.89,-17.58242,-16.12022,0.03,0.16,0.46,2.15,2.89,99.58127
01-07-1993,0.077677388,2.77,-15.55233,-5.29595,-0.02,0.1,0.38,2,2.71,99.51073
01-08-1993,0.086617376,2.66,-13.50531,-3.51438,-0.01,0.11,0.39,1.97,2.63,99.52312
01-09-1993,0.097400115,2.41,-16.48523,1.37457,-0.14,-0.03,0.22,1.6,2.22,99.62492
01-10-1993,0.124606061,2.31,-18.75,5.59441,0.03,0.13,0.4,1.71,2.34,99.8073
01-11-1993,0.094716678,2.62,-16.73945,-0.95847,0.08,0.24,0.55,2.03,2.7,100.0393
01-12-1993,0.069575797,2.71,-14.87482,-4.96894,0.1,0.27,0.65,2.19,2.82,100.2975
01-01-1994,0.086758725,2.77,-12.99094,-0.66667,-0.07,0.1,0.43,1.97,2.63,100.5398
01-02-1994,0.067647725,2.72,-4.79233,10.9215,0,0.18,0.6,2.13,2.7,100.7338
01-03-1994,0.030322552,2.98,7.53769,18.64407,0.16,0.44,0.97,2.59,3.13,100.871
01-04-1994,0.009366254,3.29,15.71906,28.223,0.12,0.53,1.25,2.96,3.41,100.953
01-05-1994,0.0126895,3.04,18.87417,39.86486,0.13,0.59,1.3,2.76,3.17,100.9843
01-06-1994,0.015109584,2.96,18,34.85342,-0.11,0.3,0.99,2.42,2.83,100.9726
01-07-1994,0.00918867,2.97,25.47332,42.43421,0.07,0.49,1.16,2.59,2.98,100.933
01-08-1994,0.022262348,2.76,27.01754,48.34437,0.01,0.41,1.08,2.4,2.76,100.8791
01-09-1994,0.016810382,2.84,38.17505,56.61017,-0.11,0.31,1.01,2.34,2.71,100.8129
01-10-1994,-0.000194007,2.79,45.21576,63.90728,0.19,0.63,1.38,2.67,3.01,100.7262
01-11-1994,-0.00406144,2.67,39.16084,70.64516,0,0.43,1.26,2.44,2.67,100.5959
01-12-1994,-0.023092607,2.21,35.46713,83.00654,0.15,0.76,1.63,2.27,2.3,100.413
01-01-1995,-0.016363982,2.07,35.41667,91.61074,0.18,0.68,1.45,2.16,2.18,100.1726
01-02-1995,0.02192629,1.7,26.00671,77.53846,-0.15,0.11,0.78,1.45,1.56,99.87657
01-03-1995,0.063258662,1.47,12.3053,63.71429,-0.25,-0.09,0.45,1.06,1.22,99.55536
01-04-1995,0.135679628,1.41,2.16763,53.53261,-0.4,-0.28,0.23,0.82,1.03,99.2583
01-05-1995,0.161698825,0.96,-7.10306,36.95652,-0.34,-0.34,-0.03,0.39,0.61,99.02393
01-06-1995,0.185827672,0.7,-12.71186,32.1256,-0.53,-0.58,-0.36,-0.07,0.17,98.8694
01-07-1995,0.234758529,0.86,-14.12894,25.17321,-0.43,-0.48,-0.28,0.14,0.41,98.78137
01-08-1995,0.204355506,1.09,-9.94475,20.53571,-0.34,-0.33,0,0.49,0.74,98.72576
01-09-1995,0.239442351,0.92,-16.17251,14.28571,-0.52,-0.5,-0.21,0.18,0.37,98.67704
01-10-1995,0.256807745,0.76,-21.83463,6.66667,-0.48,-0.44,-0.18,0.09,0.28,98.63582
01-11-1995,0.291794104,0.57,-25.12563,1.32325,-0.44,-0.53,-0.37,-0.1,0.13,98.61674
01-12-1995,0.350139502,0.57,-26.81992,-8.21429,-0.46,-0.47,-0.38,-0.17,0.02,98.63447
01-01-1996,0.320623321,0.65,-27.5641,-12.43433,-0.56,-0.64,-0.56,-0.28,0.01,98.6989
01-02-1996,0.347817065,0.98,-23.70173,-16.29116,-0.39,-0.45,-0.31,0.13,0.55,98.81811
01-03-1996,0.312115989,1.31,-13.45354,-13.43805,-0.35,-0.35,0.05,0.67,0.98,98.97587
01-04-1996,0.274182434,1.56,-8.06223,-12.38938,-0.27,-0.16,0.27,1.03,1.24,99.13966
01-05-1996,0.262347034,1.72,0.89955,-11.46384,-0.22,-0.12,0.37,1.22,1.47,99.29243
01-06-1996,0.239454899,1.82,11.8123,-6.94698,-0.18,-0.02,0.5,1.38,1.6,99.41689
01-07-1996,0.155551967,1.72,9.74441,-4.98155,-0.25,-0.1,0.4,1.18,1.41,99.50304
01-08-1996,0.185240829,1.59,2.30061,-6.48148,-0.17,-0.09,0.44,1.16,1.41,99.57205
01-09-1996,0.166059056,1.74,10.12862,-3.59848,-0.21,-0.06,0.51,1.27,1.5,99.63847
01-10-1996,0.203355521,1.54,8.42975,-5.49242,-0.25,-0.13,0.28,1,1.26,99.70667
01-11-1996,0.235319799,1.17,4.69799,-6.15672,-0.28,-0.24,0.11,0.66,0.89,99.78475
01-12-1996,0.20938217,1.39,9.94764,-4.47471,-0.38,-0.25,0.1,0.7,0.93,99.86807
01-01-1997,0.24706227,1.55,16.10619,0.6,-0.22,-0.15,0.36,1.08,1.33,99.96609
01-02-1997,0.229162176,1.41,12.04188,3.72671,-0.18,-0.13,0.33,1,1.23,100.0881
01-03-1997,0.224226127,1.55,7.21154,3.62903,-0.25,-0.13,0.39,1.13,1.29,100.2211
01-04-1997,0.180416274,1.73,6.15385,4.24242,-0.35,-0.14,0.44,1.21,1.34,100.3582
01-05-1997,0.259909563,1.66,-0.14859,0.59761,-0.45,-0.2,0.33,1.03,1.18,100.4947
01-06-1997,0.310830217,1.56,-5.93343,-3.14342,-0.63,-0.43,0.11,0.79,0.91,100.6238
01-07-1997,0.436629559,1.17,-8.73362,-1.94175,-0.47,-0.4,-0.02,0.56,0.66,100.7348
01-08-1997,0.39922738,1.16,-5.997,1.78218,-0.4,-0.35,0.01,0.61,0.74,100.8137
01-09-1997,0.388424609,1.26,-9.05109,-2.75049,-0.59,-0.45,-0.06,0.52,0.62,100.865
01-10-1997,0.35597183,1.06,-7.92683,-0.4008,-0.53,-0.41,-0.07,0.4,0.5,100.8915
01-11-1997,0.276278766,0.74,-5.76923,2.18688,-0.38,-0.35,-0.09,0.26,0.33,100.8885
01-12-1997,0.29481332,0.65,-7.77778,5.09165,-0.34,-0.26,-0.04,0.21,0.25,100.853
01-01-1998,0.257289029,0.5,-14.93902,0.19881,-0.52,-0.53,-0.27,-0.1,0.03,100.8028
01-02-1998,0.282255539,0.48,-13.23988,1.59681,-0.42,-0.44,-0.22,-0.04,0.05,100.7375
01-03-1998,0.35935922,0.62,-15.69507,-2.14008,-0.46,-0.45,-0.13,0.09,0.13,100.6409
01-04-1998,0.455892556,0.69,-18.69565,-4.06977,-0.5,-0.39,-0.08,0.15,0.18,100.5101
01-05-1998,0.330492504,0.65,-15.625,-0.9901,-0.49,-0.35,-0.03,0.16,0.18,100.3448
01-06-1998,0.264866654,0.52,-15.38462,1.0142,-0.58,-0.44,-0.2,-0.08,-0.11,100.1567
01-07-1998,0.249964876,0.5,-12.91866,-1.78218,-0.58,-0.51,-0.22,-0.11,-0.11,99.97666
01-08-1998,0.158944826,0.44,-14.51356,-4.66926,-0.65,-0.6,-0.35,-0.28,-0.22,99.82663
01-09-1998,0.089240358,0.2,-21.99037,-6.86869,-0.9,-0.88,-0.83,-0.92,-0.74,99.73416
01-10-1998,0.085485092,0.57,-25,-20.32193,-1.11,-1.02,-0.97,-0.9,-0.56,99.73281
01-11-1998,0.218879138,0.42,-17.85714,-14.20233,-0.42,-0.41,-0.31,-0.3,-0.01,99.8261
01-12-1998,0.236582603,0.26,-19.96558,-14.92248,-0.29,-0.28,-0.2,-0.27,-0.08,99.97964
01-01-1999,0.296265155,0.38,-15.41219,-13.88889,-0.29,-0.3,-0.17,-0.09,0.03,100.1705
01-02-1999,0.217672456,0.56,-10.23339,-12.77014,-0.32,-0.32,-0.07,0.14,0.22,100.3646
01-03-1999,0.190215726,0.79,-7.2695,-11.72962,-0.37,-0.34,-0.04,0.32,0.41,100.5401
01-04-1999,0.200107894,0.89,-7.48663,-13.33333,-0.45,-0.37,-0.07,0.32,0.42,100.6957
01-05-1999,0.201773696,1.04,-2.29277,-10,-0.24,-0.18,0.11,0.7,0.8,100.8312
01-06-1999,0.193217189,1.33,7.27273,-8.23293,-0.19,0.06,0.33,1.04,1.13,100.9357
01-07-1999,0.194028947,1.24,6.41026,-8.26613,-0.44,-0.41,0.01,0.66,0.77,101.0128
01-08-1999,0.235311087,1.22,10.8209,-3.67347,-0.35,-0.2,0.11,0.75,0.85,101.0716
01-09-1999,0.291513168,1.24,22.01646,1.51844,-0.54,-0.34,-0.01,0.54,0.66,101.1248
01-10-1999,0.259126173,1.25,34.21634,22.72727,-0.34,-0.22,0.23,0.83,0.91,101.1805
01-11-1999,0.215452234,0.96,24.63768,14.96599,-0.35,-0.22,0.13,0.55,0.61,101.2397
01-12-1999,0.200520987,1.08,34.83871,18.45103,-0.1,0.14,0.53,0.88,0.97,101.2882
01-01-2000,0.14159533,1.34,41.31356,22.58065,-0.13,0.05,0.56,1.02,1.1,101.3025
01-02-2000,0.114144299,0.97,30.6,25,-0.18,-0.01,0.47,0.93,0.77,101.2641
01-03-2000,0.125267232,0.57,19.88528,28.15315,-0.16,0,0.35,0.63,0.39,101.1956
01-04-2000,0.094848512,0.33,15.41426,31.93473,-0.36,-0.21,0.14,0.25,-0.02,101.1071
01-05-2000,0.064868963,0.65,16.42599,28.66667,-0.48,-0.17,0.05,0.42,0.17,100.9885
01-06-2000,0.105410003,0.41,3.72881,24.50766,-0.84,-0.56,-0.38,-0.25,-0.45,100.8391
01-07-2000,0.066626116,0.09,4.13081,30.98901,-0.58,-0.54,-0.44,-0.34,-0.46,100.6416
01-08-2000,0.118999013,-0.26,-1.51515,29.02542,-0.41,-0.43,-0.32,-0.44,-0.68,100.3988
01-09-2000,0.113703088,-0.2,-2.36088,28.20513,-0.52,-0.54,-0.39,-0.58,-0.72,100.12
01-10-2000,0.069330236,-0.37,-5.59211,25.72016,-0.4,-0.47,-0.51,-0.74,-0.78,99.79459
01-11-2000,-0.009317038,-0.45,-4.48505,21.69625,-0.34,-0.45,-0.43,-0.83,-0.81,99.43533
01-12-2000,-0.0684198,-0.53,-15.62998,10.96154,-0.63,-0.72,-0.85,-1.28,-1.21,99.06218
01-01-2001,-0.063103697,0.01,-22.93853,-3.19549,-0.83,-1.03,-1.21,-1.16,-0.86,98.73997
01-02-2001,-0.059847214,0.22,-21.28637,-12.07207,-0.61,-0.78,-0.82,-0.62,-0.41,98.50379
01-03-2001,-0.177754973,0.47,-21.85008,-22.31986,-0.89,-1.03,-1.01,-0.67,-0.42,98.35965
01-04-2001,-0.185799529,1.27,-14.35726,-31.62544,-0.93,-0.95,-0.83,-0.04,0.34,98.29402
01-05-2001,-0.104414585,1.77,-16.74419,-37.47841,-0.59,-0.59,-0.45,0.7,1.16,98.28058
01-06-2001,-0.152705956,1.79,-13.0719,-38.66432,-0.48,-0.52,-0.38,0.86,1.33,98.26688
01-07-2001,-0.182315003,1.73,-13.05785,-41.10738,-0.26,-0.32,-0.16,0.98,1.46,98.22678
01-08-2001,-0.20664306,1.61,-14.87179,-44.82759,-0.29,-0.36,-0.19,0.92,1.31,98.16107
01-09-2001,-0.288416607,2.09,-18.13472,-56,-0.43,-0.44,-0.07,1.22,1.84,98.11236
01-10-2001,-0.225552822,2.41,-19.86063,-64.64812,-0.33,-0.37,-0.17,1.41,2.07,98.14994
01-11-2001,-0.180226989,2.78,-19.30435,-69.69206,-0.22,-0.21,0.07,1.86,2.54,98.30239
01-12-2001,-0.139751903,3.4,-3.78072,-70.71057,-0.13,-0.04,0.4,2.57,3.27,98.5514
01-01-2002,-0.146312976,3.39,-1.94553,-67.96117,-0.08,0,0.41,2.59,3.28,98.84482
01-02-2002,-0.157059161,3.18,-3.6965,-64.54918,-0.01,0.08,0.49,2.55,3.17,99.12988
01-03-2002,-0.02703546,3.49,6.53061,-59.50226,0.06,0.28,0.84,3.01,3.56,99.34682
01-04-2002,-0.065479392,3.49,1.75439,-55.55556,-0.03,0.18,0.72,2.89,3.45,99.43846
01-05-2002,-0.150444359,3.43,-3.91061,-52.20994,-0.02,0.11,0.6,2.74,3.41,99.38589
01-06-2002,-0.181390317,3.23,-7.33083,-51.2894,-0.05,0.04,0.45,2.43,3.18,99.1941
01-07-2002,-0.249790361,2.97,-11.21673,-52.13675,-0.05,-0.03,0.22,2.07,2.92,98.91193
01-08-2002,-0.225668222,2.64,-13.65462,-51.78571,-0.12,-0.14,0,1.54,2.5,98.60615
01-09-2002,-0.169273625,2.24,-17.93249,-38.25758,-0.12,-0.15,-0.04,1.18,2.12,98.31764
01-10-2002,-0.20616948,2.36,-14.78261,-26.85185,-0.17,-0.19,-0.11,1.19,2.18,98.08617
01-11-2002,-0.194524113,2.82,-12.93103,-34.2246,-0.11,-0.07,0.16,1.72,2.71,97.93169
01-12-2002,-0.214641943,2.84,-20.43222,-29.5858,-0.05,0,0.2,1.79,2.79,97.82701
01-01-2003,-0.214320169,2.88,-20.2381,-29.09091,-0.07,-0.04,0.11,1.8,2.79,97.75401
01-02-2003,-0.239526834,2.73,-21.21212,-32.36994,-0.09,-0.08,0.04,1.64,2.64,97.72565
01-03-2003,-0.266218289,2.68,-27.01149,-36.87151,-0.12,-0.12,-0.01,1.53,2.56,97.77401
01-04-2003,-0.199562922,2.83,-24.13793,-34.30233,-0.13,-0.12,0,1.66,2.69,97.92051
01-05-2003,-0.132768126,2.5,-30.23256,-38.15029,-0.19,-0.18,-0.09,1.25,2.3,98.15575
01-06-2003,-0.025660243,2.41,-32.6572,-45.88235,-0.3,-0.3,-0.22,1.04,2.1,98.44962
01-07-2003,0.098440664,3.08,-17.55889,-46.42857,-0.11,-0.06,0.1,1.85,2.95,98.78568
01-08-2003,0.084357022,3.5,3.25581,-41.35802,-0.08,0,0.3,2.36,3.44,99.1551
01-09-2003,0.174727187,3.33,10.79692,-42.33129,-0.07,0,0.22,2.17,3.26,99.5462
01-10-2003,0.215414858,3.37,8.92857,-41.77215,-0.09,-0.01,0.24,2.17,3.27,99.94175
01-11-2003,0.15382502,3.37,6.43564,-24.39024,-0.07,0.02,0.34,2.29,3.3,100.3105
01-12-2003,0.20180609,3.37,5.4321,-24.36975,-0.08,0.01,0.32,2.28,3.28,100.6185
01-01-2004,0.264198964,3.27,3.73134,-24.78632,-0.12,-0.03,0.24,2.12,3.15,100.8517
01-02-2004,0.365972546,3.15,4.61538,-20.51282,-0.08,-0.02,0.24,2.06,3.08,100.9926
01-03-2004,0.327592927,2.89,0.26247,-16.81416,-0.06,-0.01,0.18,1.78,2.82,101.0565
01-04-2004,0.273395279,3.41,8.33333,-16.81416,-0.06,0.09,0.43,2.38,3.34,101.0578
01-05-2004,0.178234113,3.7,30.83333,-4.6729,0.02,0.31,0.78,2.85,3.71,101.0173
01-06-2004,0.146518219,3.46,43.07229,38.04348,0.24,0.57,1.08,2.9,3.7,100.9438
01-07-2004,0.114161646,3.17,17.4026,47.77778,0.07,0.4,0.83,2.42,3.23,100.8434
01-08-2004,0.100461835,2.8,-3.37838,55.78947,0.05,0.29,0.59,2.05,2.86,100.7298
01-09-2004,0.096347014,2.48,-3.7123,75.53191,0.04,0.26,0.49,1.73,2.5,100.626
01-10-2004,0.075553801,2.34,-4.21546,91.30435,0,0.24,0.47,1.59,2.34,100.5479
01-11-2004,0.113382227,2.12,-2.7907,122.58065,0.14,0.34,0.58,1.6,2.27,100.5052
01-12-2004,0.109722017,2.04,-0.70258,143.33333,0.03,0.27,0.51,1.44,2.08,100.4759
01-01-2005,0.043169216,1.89,1.43885,164.77273,0.05,0.33,0.57,1.41,1.93,100.4296
01-02-2005,0.049214596,1.63,1.96078,173.11828,0.04,0.27,0.53,1.27,1.67,100.3623
01-03-2005,0.063097208,1.76,17.27749,191.48936,0.11,0.37,0.68,1.54,1.88,100.2888
01-04-2005,0.027414061,1.56,2.0979,195.74468,-0.01,0.26,0.54,1.22,1.56,100.2386
01-05-2005,0.068463338,1.3,-11.8896,178.43137,-0.16,0.08,0.33,0.85,1.14,100.2321
01-06-2005,0.06134574,1.03,-15.57895,133.85827,-0.07,0.09,0.32,0.73,0.96,100.2648
01-07-2005,0.105249356,0.96,-8.40708,142.10526,-0.04,0.16,0.4,0.74,0.93,100.3099
01-08-2005,0.12427682,0.82,0,132.43243,-0.06,0.16,0.38,0.63,0.77,100.365
01-09-2005,0.096863089,0.78,0.96386,107.27273,-0.2,0.05,0.2,0.36,0.56,100.4502
01-10-2005,0.066907743,0.75,9.04645,110.79545,-0.07,0.21,0.41,0.57,0.7,100.5807
01-11-2005,0.058540216,0.66,8.85167,87.43961,-0.12,0.15,0.34,0.45,0.54,100.7437
01-12-2005,0.052417842,0.58,5.18868,77.62557,-0.27,0.02,0.19,0.23,0.31,100.9031
01-01-2006,0.082376144,0.18,4.01891,81.97425,-0.05,0.02,0.15,0.05,0.12,101.0314
01-02-2006,0.064203129,0.14,9.85577,74.40945,-0.06,0.03,0.19,0.08,0.08,101.1196
01-03-2006,0.082718219,0.21,5.13393,64.59854,-0.08,0.03,0.18,0.12,0.13,101.1609
01-04-2006,0.118289635,0.39,13.92694,65.46763,-0.19,-0.07,0.13,0.13,0.22,101.1495
01-05-2006,0.09482466,0.39,23.13253,66.19718,-0.22,-0.12,0.06,0.07,0.18,101.1024
01-06-2006,0.04235392,0.32,27.43142,61.27946,-0.2,-0.02,0.16,0.07,0.11,101.0567
01-07-2006,0.031090457,0.14,23.18841,53.72671,-0.29,-0.18,-0.03,-0.21,-0.16,101.0304
01-08-2006,0.051361219,-0.08,14.21911,44.18605,-0.29,-0.28,-0.16,-0.42,-0.37,101.0387
01-09-2006,0.074898851,-0.09,12.88783,40.64327,-0.44,-0.36,-0.28,-0.59,-0.53,101.0927
01-10-2006,0.143813551,-0.19,6.27803,32.61456,-0.33,-0.33,-0.24,-0.56,-0.52,101.1736
01-11-2006,0.122251226,-0.34,1.53846,27.31959,-0.31,-0.3,-0.24,-0.67,-0.66,101.2691
01-12-2006,0.12229908,-0.29,2.24215,24.67866,-0.39,-0.36,-0.3,-0.7,-0.67,101.3713
01-01-2007,0.113730029,-0.22,7.72727,17.45283,-0.27,-0.3,-0.2,-0.51,-0.5,101.4713
01-02-2007,0.131711902,-0.31,4.37637,13.54402,-0.23,-0.3,-0.21,-0.56,-0.54,101.5743
01-03-2007,0.08750599,-0.38,-2.9724,9.53437,-0.32,-0.37,-0.34,-0.78,-0.7,101.6849
01-04-2007,0.124000707,-0.18,-5.81162,5.86957,-0.38,-0.39,-0.31,-0.65,-0.55,101.7917
01-05-2007,0.171417276,0.02,-7.63209,0.21186,-0.52,-0.47,-0.34,-0.58,-0.5,101.8729
01-06-2007,0.208287782,0.49,-0.78278,-3.75783,-0.64,-0.49,-0.29,-0.23,-0.15,101.9134
01-07-2007,0.206682854,0.18,-1.37255,-2.62626,-0.44,-0.43,-0.3,-0.38,-0.26,101.8966
01-08-2007,0.130109156,0.47,-4.28571,-15.32258,-0.82,-0.64,-0.56,-0.6,-0.36,101.8181
01-09-2007,0.136127005,0.63,-4.43975,-19.12682,-1.05,-0.89,-0.83,-0.77,-0.44,101.7083
01-10-2007,0.129296308,0.63,-4.00844,-20.73171,-0.86,-0.75,-0.65,-0.55,-0.22,101.5859
01-11-2007,0.053829646,0.88,-9.52381,-33.80567,-1.22,-1.03,-1,-0.83,-0.35,101.458
01-12-2007,0.044337132,1.1,-9.86842,-38.14433,-1.24,-1.01,-0.96,-0.73,-0.12,101.3325
01-01-2008,-0.031878441,0.99,-20.46414,-44.77912,-1.19,-1.19,-1.22,-0.95,-0.19,101.2056
01-02-2008,-0.062243909,1.62,-21.59329,-57.85288,-0.86,-0.94,-0.91,-0.18,0.78,101.0704
01-03-2008,-0.063975266,2.25,-23.19475,-74.49393,-1.35,-1.13,-1.09,-0.15,0.88,100.9203
01-04-2008,-0.063656364,2.39,-22.55319,-73.51129,-0.99,-0.73,-0.53,0.57,1.41,100.7384
01-05-2008,-0.071416282,2.15,-17.79661,-63.42495,-0.25,-0.16,0.06,1.16,1.89,100.4994
01-06-2008,-0.11421288,2.24,-18.93491,-59.65293,-0.14,0.13,0.42,1.48,2.1,100.1631
01-07-2008,-0.173195415,2.38,-20.47714,-66.18257,-0.38,-0.08,0.26,1.28,1.99,99.69211
01-08-2008,-0.119034525,2.17,-16.63113,-59.04762,-0.28,-0.08,0.19,1.16,1.9,99.05685
01-09-2008,-0.187139308,2.56,-18.58407,-70.95116,-0.68,-0.2,0.05,1.02,1.82,98.25579
01-10-2008,-0.37077017,3.14,-16.26374,-82.82051,-0.3,0.23,0.4,1.71,2.8,97.34141
01-11-2008,-0.396579176,3.34,-15.78947,-94.1896,-0.2,0.34,0.68,1.9,3.14,96.43086
01-12-2008,-0.406741391,2.39,-40.6326,-99,-0.13,0.1,0.32,1.35,2.25,95.63139
01-01-2009,-0.372204009,2.39,-34.48276,-95.27273,-0.02,0.15,0.29,1.44,2.36,95.02464
01-02-2009,-0.405677298,2.57,-23.26203,-85.84906,0.08,0.23,0.4,1.65,2.65,94.66774
01-03-2009,-0.425083907,2.61,-19.37322,-83.33333,0.03,0.24,0.46,1.63,2.64,94.59993
01-04-2009,-0.381124724,2.77,-20.87912,-87.5969,0.01,0.2,0.39,1.7,2.77,94.81326
01-05-2009,-0.356900557,3.11,-15.72165,-89.59538,0,0.12,0.33,1.96,3.12,95.22746
01-06-2009,-0.309509786,3.54,-9.00243,-90.32258,-0.03,0.1,0.31,2.5,3.51,95.7564
01-07-2009,-0.255708525,3.38,-11,-88.95706,0.02,0.11,0.32,2.31,3.41,96.33253
01-08-2009,-0.212053345,3.42,-7.92839,-90.11628,0.01,0.1,0.3,2.41,3.43,96.90733
01-09-2009,-0.14166564,3.28,-7.06522,-89.38053,-0.03,0.06,0.26,2.22,3.26,97.44814
01-10-2009,0.102043766,3.32,-11.28609,-89.55224,-0.05,0.04,0.26,2.22,3.27,97.94174
01-11-2009,0.232186537,3.35,-2.84091,-73.68421,-0.07,0.03,0.19,2.11,3.28,98.38808
01-12-2009,0.265303797,3.54,44.67213,66.66667,-0.07,0.05,0.25,2.22,3.47,98.79372
01-01-2010,0.298066037,3.67,51.82186,-53.84615,-0.05,0.04,0.23,2.37,3.62,99.14448
01-02-2010,0.35260733,3.58,28.91986,-63.33333,-0.02,0.05,0.22,2.24,3.56,99.40787
01-03-2010,0.52160131,3.58,31.09541,-28.57143,-0.01,0.06,0.23,2.27,3.57,99.59211
01-04-2010,0.411684254,3.69,33.68056,0,-0.04,0.04,0.25,2.38,3.65,99.67846
01-05-2010,0.246728206,3.26,4.58716,-11.11111,-0.04,0.02,0.17,1.98,3.22,99.67077
01-06-2010,0.169783613,3.08,-13.36898,-33.33333,-0.06,0.01,0.14,1.82,3.03,99.60962
01-07-2010,0.153854374,2.85,-15.44944,-11.11111,-0.02,0.02,0.11,1.58,2.83,99.55648
01-08-2010,0.07680271,2.54,-24.44444,-5.88235,-0.03,0,0.07,1.28,2.51,99.55914
01-09-2010,0.07422335,2.5,-22.22222,25,-0.04,0,0.06,1.22,2.45,99.63062
01-10-2010,0.097334357,2.41,-24.85207,85.71429,-0.06,-0.01,0.04,0.99,2.35,99.76015
01-11-2010,0.101850065,2.62,-19.29825,180,-0.05,-0.01,0.06,1.16,2.57,99.93497
01-12-2010,0.118112718,3.15,-7.64873,180,-0.04,0.01,0.11,1.75,3.11,100.1174
01-01-2011,0.141547553,3.24,-9.33333,150,-0.02,0.01,0.1,1.82,3.22,100.2661
01-02-2011,0.212971464,3.45,-3.51351,18.18182,-0.03,0.01,0.13,2.1,3.42,100.3458
01-03-2011,0.132320646,3.31,-8.3558,-33.33333,-0.04,0.02,0.12,1.98,3.28,100.3311
01-04-2011,0.112075302,3.4,-10.12987,-62.5,-0.04,0.02,0.15,2.07,3.36,100.2223
01-05-2011,0.189545447,3.13,-7.30994,-75,-0.05,0,0.09,1.75,3.08,100.029
01-06-2011,0.188238443,2.96,-7.71605,-66.66667,-0.05,0.01,0.09,1.49,2.91,99.77338
01-07-2011,0.227255047,2.96,0.33223,-75,-0.03,0.01,0.12,1.47,2.94,99.50524
01-08-2011,0.090160768,2.28,-15.07353,-87.5,-0.08,-0.04,0.02,0.92,2.21,99.28307
01-09-2011,0.046164266,1.97,-24.43609,-93.33333,-0.07,-0.04,0.02,0.82,1.89,99.17628
01-10-2011,0.030420458,2.13,-14.96063,-84.61538,-0.05,-0.02,0.04,0.99,2.08,99.21088
01-11-2011,0.022962907,2,-26.81159,-92.85714,-0.07,-0.03,0.03,0.83,1.93,99.36492
01-12-2011,0.001441769,1.97,-39.2638,-92.85714,-0.06,-0.02,0.04,0.82,1.91,99.58508
01-01-2012,0.014002588,1.94,-41.76471,-80,-0.05,-0.01,0.03,0.75,1.88,99.80031